,date,open,close,high,low,ticker
0,2018-04-30,13.35,13.7,13.75,13.35,EZPW
1,2018-05-01,13.65,13.7,13.9,13.35,EZPW
2,2018-05-02,13.75,13.95,14.1,13.6,EZPW
3,2018-05-03,13.7,14.6,14.65,13.61,EZPW
4,2018-05-04,14.65,14.8,14.95,14.5,EZPW
5,2018-05-07,14.8,14.95,15.1,14.8,EZPW
6,2018-05-08,14.75,14.7,14.85,14.4,EZPW
7,2018-05-09,14.15,13.25,14.3,13.225,EZPW
8,2018-05-10,13.15,13.1,13.15,12.8,EZPW
9,2018-05-11,13.15,13.05,13.3,12.925,EZPW
10,2018-05-14,13.1,12.8,13.1,12.65,EZPW
11,2018-05-15,12.85,12.95,13.0,12.75,EZPW
12,2018-05-16,12.85,13.15,13.25,12.85,EZPW
13,2018-05-17,13.1,13.1,13.3,13.05,EZPW
14,2018-05-18,13.15,13.35,13.45,13.05,EZPW
15,2018-05-21,13.35,13.25,13.5,13.15,EZPW
16,2018-05-22,13.2,13.1,13.3,13.075,EZPW
17,2018-05-23,12.95,12.75,13.05,12.71,EZPW
18,2018-05-24,12.8,12.4,12.8,12.3,EZPW
19,2018-05-25,12.4,12.65,12.8,12.35,EZPW
20,2018-05-29,12.5,12.3,12.55,12.25,EZPW
21,2018-05-30,12.4,12.35,12.475,12.2,EZPW
22,2018-05-31,12.35,12.4,12.45,12.2,EZPW
23,2018-06-01,12.4,13.0,13.0,12.4,EZPW
24,2018-06-04,13.0,13.2,13.2,12.85,EZPW
25,2018-06-05,13.15,13.05,13.15,12.9,EZPW
26,2018-06-06,13.1,13.1,13.225,13.0,EZPW
27,2018-06-07,13.05,13.2,13.2,12.95,EZPW
28,2018-06-08,13.25,13.3,13.45,13.05,EZPW
29,2018-06-11,13.4,13.2,13.4,13.1,EZPW
30,2018-06-12,13.3,13.3,13.35,13.1,EZPW
31,2018-06-13,13.4,12.8,13.45,12.8,EZPW
32,2018-06-14,12.9,12.9,12.95,12.7,EZPW
33,2018-06-15,12.8,12.6,12.8,12.55,EZPW
34,2018-06-18,12.5,12.65,12.7,12.06,EZPW
35,2018-06-19,12.6,12.85,12.9,12.5,EZPW
36,2018-06-20,12.9,13.1,13.225,12.5475,EZPW
37,2018-06-21,13.1,12.55,13.1,12.5,EZPW
38,2018-06-22,12.65,12.2,12.7,12.05,EZPW
39,2018-06-25,12.2,12.35,12.5,12.0,EZPW
40,2018-06-26,12.45,12.75,12.9,12.275,EZPW
41,2018-06-27,12.7,11.75,12.85,11.75,EZPW
42,2018-06-28,12.5,12.1,12.5,12.05,EZPW
43,2018-06-29,12.2,12.05,12.4,11.925,EZPW
44,2018-07-02,12.05,12.05,12.35,11.95,EZPW
45,2018-07-03,12.05,11.7,12.1,11.7,EZPW
46,2018-07-05,11.75,11.8,11.95,11.65,EZPW
47,2018-07-06,11.8,12.15,12.15,11.75,EZPW
48,2018-07-09,12.2,12.5,12.55,12.05,EZPW
49,2018-07-10,12.5,12.4,12.55,12.325,EZPW
50,2018-07-11,12.2,12.55,12.625,12.2,EZPW
51,2018-07-12,12.55,12.2,12.65,12.2,EZPW
52,2018-07-13,12.25,12.1,12.3,12.005,EZPW
53,2018-07-16,12.1,11.85,12.15,11.7,EZPW
54,2018-07-17,11.95,11.75,12.05,11.605,EZPW
55,2018-07-18,11.8,11.65,11.9,11.6,EZPW
56,2018-07-19,11.65,12.2,12.225,11.5,EZPW
57,2018-07-20,12.15,12.25,12.35,12.1,EZPW
58,2018-07-23,12.25,12.25,12.4,12.1,EZPW
59,2018-07-24,12.2,12.35,12.425,12.1,EZPW
60,2018-07-25,12.4,12.25,12.4,12.05,EZPW
61,2018-07-26,12.2,12.05,12.35,11.95,EZPW
62,2018-07-27,12.1,11.55,12.1,11.55,EZPW
63,2018-07-30,11.5,11.3,11.65,11.3,EZPW
64,2018-07-31,11.4,11.45,11.6,11.2,EZPW
65,2018-08-01,11.4,11.35,11.6,11.25,EZPW
66,2018-08-02,10.95,10.95,11.75,10.75,EZPW
67,2018-08-03,10.8,11.05,11.15,10.8,EZPW
68,2018-08-06,11.0,11.4,11.55,11.0,EZPW
69,2018-08-07,11.4,11.5,11.65,11.35,EZPW
70,2018-08-08,11.5,11.7,11.725,11.225,EZPW
71,2018-08-09,11.7,11.85,11.9,11.45,EZPW
72,2018-08-10,11.75,11.55,11.9,11.5,EZPW
73,2018-08-13,11.6,11.7,11.825,11.45,EZPW
74,2018-08-14,11.7,11.4,11.75,11.375,EZPW
75,2018-08-15,11.4,11.35,11.5,11.3,EZPW
76,2018-08-16,11.45,11.4,11.625,11.3,EZPW
77,2018-08-17,11.3,11.25,11.36,11.15,EZPW
78,2018-08-20,11.3,11.15,11.5,11.15,EZPW
79,2018-08-21,11.2,11.3,11.4,11.125,EZPW
80,2018-08-22,11.25,11.4,11.425,11.2,EZPW
81,2018-08-23,11.3,11.2,11.4,11.2,EZPW
82,2018-08-24,11.25,11.15,11.25,11.1,EZPW
83,2018-08-27,11.15,11.05,11.25,11.0,EZPW
84,2018-08-28,11.1,11.05,11.1369,11.025,EZPW
85,2018-08-29,11.0,11.05,11.1,11.0,EZPW
86,2018-08-30,11.05,11.15,11.25,11.0,EZPW
87,2018-08-31,11.1,11.1,11.25,11.1,EZPW
88,2018-09-04,11.1,10.85,11.1,10.85,EZPW
89,2018-09-05,10.9,10.95,10.95,10.8,EZPW
90,2018-09-06,10.9,10.7,10.925,10.575,EZPW
91,2018-09-07,10.7,10.65,10.75,10.6,EZPW
92,2018-09-10,10.7,10.8,10.85,10.65,EZPW
93,2018-09-11,10.75,10.85,10.95,10.6,EZPW
94,2018-09-12,10.75,10.75,10.9,10.55,EZPW
95,2018-09-13,10.8,10.9,10.925,10.65,EZPW
96,2018-09-14,10.85,11.1,11.2,10.85,EZPW
97,2018-09-17,11.15,11.0,11.2,10.9,EZPW
98,2018-09-18,11.1,10.65,11.1,10.65,EZPW
99,2018-09-19,10.65,10.6,10.9,10.55,EZPW
100,2018-09-20,10.6,10.95,11.05,10.6,EZPW
101,2018-09-21,10.9,10.9,11.25,10.85,EZPW
102,2018-09-24,10.8,10.45,10.8865,10.4,EZPW
103,2018-09-25,10.4,10.7,10.75,10.4,EZPW
104,2018-09-26,10.75,10.95,11.025,10.7,EZPW
105,2018-09-27,10.9,10.5,10.95,10.5,EZPW
106,2018-09-28,10.5,10.7,10.9,10.4501,EZPW
107,2018-10-01,10.78,10.51,10.87,10.5,EZPW
108,2018-10-02,10.46,10.37,10.5,10.33,EZPW
109,2018-10-03,10.43,10.63,10.67,10.33,EZPW
110,2018-10-04,10.59,10.44,10.64,10.4,EZPW
111,2018-10-05,10.49,10.52,10.6,10.4,EZPW
112,2018-10-08,10.53,10.65,10.71,10.5,EZPW
113,2018-10-09,10.66,10.65,10.77,10.6,EZPW
114,2018-10-10,10.66,10.62,10.78,10.57,EZPW
115,2018-10-11,10.57,10.47,10.81,10.46,EZPW
116,2018-10-12,10.58,10.5,10.64,10.29,EZPW
117,2018-10-15,10.49,10.47,10.62,10.27,EZPW
118,2018-10-16,10.56,10.49,10.58,10.32,EZPW
119,2018-10-17,10.5,10.31,10.5476,10.29,EZPW
120,2018-10-18,10.28,10.18,10.34,10.17,EZPW
121,2018-10-19,10.15,10.24,10.34,10.1,EZPW
122,2018-10-22,10.23,10.12,10.3,10.09,EZPW
123,2018-10-23,10.04,10.1,10.215,10.0,EZPW
124,2018-10-24,10.12,9.94,10.16,9.92,EZPW
125,2018-10-25,9.98,10.08,10.18,9.9,EZPW
126,2018-10-26,10.03,10.12,10.18,9.89,EZPW
127,2018-10-29,10.2,9.99,10.29,9.92,EZPW
128,2018-10-30,10.0,10.2,10.3099,9.97,EZPW
129,2018-10-31,10.27,9.94,10.36,9.67,EZPW
130,2018-11-01,10.02,10.13,10.175,9.91,EZPW
131,2018-11-02,10.19,10.1,10.25,10.06,EZPW
132,2018-11-05,10.13,9.96,10.29,9.91,EZPW
133,2018-11-06,9.98,9.93,10.05,9.84,EZPW
134,2018-11-07,9.93,9.83,10.05,9.8,EZPW
135,2018-11-08,9.82,9.4,9.86,9.27,EZPW
136,2018-11-09,9.37,9.41,9.55,9.21,EZPW
137,2018-11-12,9.44,9.18,9.455,9.13,EZPW
138,2018-11-13,9.16,9.12,9.27,9.03,EZPW
139,2018-11-14,9.21,9.11,9.21,8.915,EZPW
140,2018-11-15,10.3,9.86,10.8186,9.56,EZPW
141,2018-11-16,9.76,9.91,10.1166,9.46,EZPW
142,2018-11-19,9.85,9.38,9.93,9.19,EZPW
143,2018-11-20,9.36,9.51,9.63,9.14,EZPW
144,2018-11-21,9.51,9.6,9.79,9.41,EZPW
145,2018-11-23,9.54,9.55,9.6,9.51,EZPW
146,2018-11-26,9.6,9.2,9.65,9.18,EZPW
147,2018-11-27,9.24,9.12,9.34,9.085,EZPW
148,2018-11-28,9.13,9.47,9.48,9.08,EZPW
149,2018-11-29,9.44,9.62,9.63,9.2,EZPW
150,2018-11-30,9.55,9.52,9.71,9.28,EZPW
151,2018-12-03,9.65,9.37,9.73,9.16,EZPW
152,2018-12-04,9.34,8.97,9.5,8.84,EZPW
153,2018-12-06,8.89,8.91,9.04,8.76,EZPW
154,2018-12-07,8.91,8.73,9.1,8.72,EZPW
155,2018-12-10,8.74,8.69,8.79,8.59,EZPW
156,2018-12-11,8.78,8.7,8.86,8.57,EZPW
157,2018-12-12,8.72,9.01,9.02,8.72,EZPW
158,2018-12-13,9.04,8.68,9.29,8.66,EZPW
159,2018-12-14,8.56,8.33,8.66,8.3,EZPW
160,2018-12-17,8.33,8.28,8.46,8.24,EZPW
161,2018-12-18,8.29,8.07,8.44,8.01,EZPW
162,2018-12-19,8.0,7.97,8.2,7.95,EZPW
163,2018-12-20,7.97,8.08,8.13,7.91,EZPW
164,2018-12-21,8.14,7.7,8.14,7.64,EZPW
165,2018-12-24,7.72,7.67,7.83,7.57,EZPW
166,2018-12-26,7.72,7.87,7.88,7.45,EZPW
167,2018-12-27,7.78,7.73,7.89,7.635,EZPW
168,2018-12-28,7.76,7.82,7.94,7.52,EZPW
169,2018-12-31,7.88,7.73,7.89,7.67,EZPW
170,2019-01-02,7.68,8.1,8.17,7.635,EZPW
171,2019-01-03,8.03,8.09,8.14,7.81,EZPW
172,2019-01-04,8.14,8.42,8.44,8.14,EZPW
173,2019-01-07,8.33,7.93,8.42,7.67,EZPW
174,2019-01-08,7.95,7.97,7.99,7.74,EZPW
175,2019-01-09,8.01,8.24,8.41,7.98,EZPW
176,2019-01-10,8.25,8.51,8.69,8.21,EZPW
177,2019-01-11,8.45,8.58,8.61,8.39,EZPW
178,2019-01-14,8.55,8.63,8.72,8.435,EZPW
179,2019-01-15,8.64,8.77,8.78,8.62,EZPW
180,2019-01-16,8.8,8.93,9.03,8.795,EZPW
181,2019-01-17,8.92,8.95,9.04,8.81,EZPW
182,2019-01-18,9.04,9.25,9.26,9.0,EZPW
183,2019-01-22,9.25,9.06,9.25,8.99,EZPW
184,2019-01-23,9.11,9.06,9.17,9.02,EZPW
185,2019-01-24,9.06,9.2,9.21,9.01,EZPW
186,2019-01-25,9.23,9.39,9.39,9.2101,EZPW
187,2019-01-28,9.32,9.06,9.34,9.0,EZPW
188,2019-01-29,9.03,9.1,9.23,9.01,EZPW
189,2019-01-30,9.15,9.5,9.63,9.1,EZPW
190,2019-01-31,9.93,9.32,10.11,9.26,EZPW
191,2019-02-01,9.49,9.76,10.01,9.49,EZPW
192,2019-02-04,9.85,10.06,10.22,9.85,EZPW
193,2019-02-05,10.04,10.13,10.21,10.01,EZPW
194,2019-02-06,10.14,10.05,10.17,10.0,EZPW
195,2019-02-07,10.05,10.13,10.17,10.0,EZPW
196,2019-02-08,10.04,10.08,10.15,9.95,EZPW
197,2019-02-11,10.09,10.15,10.19,10.05,EZPW
198,2019-02-12,10.22,10.19,10.29,10.13,EZPW
199,2019-02-13,10.2,10.17,10.265,10.13,EZPW
200,2019-02-14,10.12,9.92,10.1606,9.91,EZPW
201,2019-02-15,9.98,10.02,10.085,9.9403,EZPW
202,2019-02-19,9.99,10.13,10.17,9.88,EZPW
203,2019-02-20,10.13,10.24,10.32,10.05,EZPW
204,2019-02-21,10.17,10.24,10.27,10.005,EZPW
205,2019-02-22,10.3,10.35,10.4,10.27,EZPW
206,2019-02-25,10.42,10.31,10.49,10.295,EZPW
207,2019-02-26,10.25,9.96,10.285,9.95,EZPW
208,2019-02-27,9.9,9.79,9.9378,9.68,EZPW
209,2019-02-28,9.8,9.77,9.88,9.67,EZPW
210,2019-03-01,9.82,9.93,10.025,9.77,EZPW
211,2019-03-04,9.93,9.8,10.0,9.78,EZPW
212,2019-03-05,9.83,9.81,9.85,9.645,EZPW
213,2019-03-06,9.81,9.66,9.81,9.64,EZPW
214,2019-03-07,9.66,9.57,9.66,9.51,EZPW
215,2019-03-08,9.5,9.67,9.74,9.43,EZPW
216,2019-03-11,9.7,9.73,9.82,9.64,EZPW
217,2019-03-12,9.72,9.66,9.73,9.58,EZPW
218,2019-03-13,9.7,9.55,9.72,9.4657,EZPW
219,2019-03-14,9.56,9.55,9.72,9.5,EZPW
220,2019-03-15,9.54,9.6,9.61,9.41,EZPW
221,2019-03-18,9.6,9.61,9.72,9.58,EZPW
222,2019-03-19,9.66,9.44,9.67,9.33,EZPW
223,2019-03-20,9.44,9.36,9.47,9.25,EZPW
224,2019-03-21,9.34,9.5,9.69,9.34,EZPW
225,2019-03-22,9.44,9.11,9.44,9.08,EZPW
226,2019-03-25,9.11,9.26,9.33,9.07,EZPW
227,2019-03-26,9.32,9.29,9.39,9.2,EZPW
228,2019-03-27,9.23,9.22,9.29,9.06,EZPW
229,2019-03-28,9.22,9.36,9.38,9.1901,EZPW
230,2019-03-29,9.43,9.32,9.56,9.27,EZPW
231,2019-04-01,9.38,9.37,9.503,9.301,EZPW
232,2019-04-02,9.43,9.5,9.57,9.385,EZPW
233,2019-04-03,9.57,9.53,9.6524,9.47,EZPW
234,2019-04-04,9.54,9.83,9.875,9.54,EZPW
235,2019-04-05,9.81,9.92,9.96,9.7977,EZPW
236,2019-04-08,9.89,9.95,9.95,9.77,EZPW
237,2019-04-09,9.94,10.31,10.5,9.9112,EZPW
238,2019-04-10,10.27,10.46,10.5,10.19,EZPW
239,2019-04-11,10.48,10.29,10.55,10.27,EZPW
240,2019-04-12,10.53,10.64,10.72,10.42,EZPW
241,2019-04-15,10.69,10.54,10.7,10.46,EZPW
242,2019-04-16,10.61,10.71,10.74,10.61,EZPW
243,2019-04-17,10.76,10.75,10.96,10.71,EZPW
244,2019-04-18,10.72,10.76,10.78,10.57,EZPW
245,2019-04-22,10.76,10.74,10.86,10.68,EZPW
246,2019-04-23,10.68,10.57,10.69,10.47,EZPW
247,2019-04-24,10.57,10.64,10.7,10.46,EZPW
248,2019-04-25,10.65,10.76,10.9,10.48,EZPW
249,2019-04-26,10.71,11.01,11.03,10.66,EZPW
250,2019-04-29,11.09,11.21,11.23,11.01,EZPW
251,2019-04-30,11.18,10.87,11.21,10.78,EZPW
252,2019-05-01,10.91,10.72,11.25,10.67,EZPW
253,2019-05-02,10.75,10.83,10.96,10.69,EZPW
254,2019-05-03,10.82,10.88,10.99,10.8,EZPW
255,2019-05-06,10.57,10.8,10.87,10.48,EZPW
256,2019-05-07,10.66,10.71,10.8,10.6,EZPW
257,2019-05-08,10.69,10.49,10.76,10.49,EZPW
258,2019-05-09,10.02,9.71,10.23,9.29,EZPW
259,2019-05-10,9.6,9.41,9.63,9.32,EZPW
260,2019-05-13,9.27,9.15,9.39,9.0868,EZPW
261,2019-05-14,9.16,9.17,9.27,9.1,EZPW
262,2019-05-15,9.1,9.14,9.22,9.06,EZPW
263,2019-05-16,9.15,9.21,9.28,9.15,EZPW
264,2019-05-17,9.15,9.14,9.2195,9.07,EZPW
265,2019-05-20,9.14,9.06,9.23,9.04,EZPW
266,2019-05-21,9.1,9.0,9.14,9.0,EZPW
267,2019-05-22,8.96,9.11,9.13,8.85,EZPW
268,2019-05-23,9.03,8.92,9.045,8.9,EZPW
269,2019-05-24,8.96,9.06,9.1,8.95,EZPW
270,2019-05-28,9.04,8.95,9.16,8.94,EZPW
271,2019-05-29,8.9,8.99,9.05,8.83,EZPW
272,2019-05-30,8.94,8.93,9.13,8.885,EZPW
273,2019-05-31,8.81,8.78,8.83,8.69,EZPW
274,2019-06-03,8.78,9.02,9.04,8.75,EZPW
275,2019-06-04,9.11,9.25,9.28,9.03,EZPW
276,2019-06-05,9.25,9.11,9.33,9.03,EZPW
277,2019-06-06,9.11,9.03,9.16,8.9,EZPW
278,2019-06-07,9.04,9.11,9.2,8.79,EZPW
279,2019-06-10,9.15,9.17,9.43,9.02,EZPW
280,2019-06-11,9.25,9.17,9.3,8.94,EZPW
281,2019-06-12,9.11,9.36,9.37,9.03,EZPW
282,2019-06-13,9.38,9.37,9.52,9.33,EZPW
283,2019-06-14,9.4,9.27,9.45,9.25,EZPW
284,2019-06-17,9.27,9.12,9.32,9.06,EZPW
285,2019-06-18,9.12,9.14,9.52,9.12,EZPW
286,2019-06-19,9.19,9.08,9.29,8.97,EZPW
287,2019-06-20,9.2,9.12,9.225,9.07,EZPW
288,2019-06-21,9.09,9.11,9.23,9.06,EZPW
289,2019-06-24,9.11,9.41,9.56,9.11,EZPW
290,2019-06-25,9.4,9.57,9.64,9.35,EZPW
291,2019-06-26,9.63,9.38,9.7061,9.38,EZPW
292,2019-06-27,9.38,9.57,9.585,9.36,EZPW
293,2019-06-28,9.6,9.47,9.69,9.42,EZPW
294,2019-07-01,9.58,9.58,9.63,9.47,EZPW
295,2019-07-02,9.61,9.58,9.66,9.53,EZPW
296,2019-07-03,9.62,9.8,9.88,9.62,EZPW
297,2019-07-05,9.78,9.76,9.86,9.735,EZPW
298,2019-07-08,9.77,9.68,9.84,9.67,EZPW
299,2019-07-09,9.66,9.61,9.69,9.59,EZPW
300,2019-07-10,9.65,9.62,9.72,9.5,EZPW
301,2019-07-11,9.65,9.56,9.72,9.46,EZPW
302,2019-07-12,9.57,9.62,9.67,9.51,EZPW
303,2019-07-15,9.61,9.84,9.85,9.59,EZPW
304,2019-07-16,9.85,9.96,10.05,9.82,EZPW
305,2019-07-17,9.96,9.66,9.96,9.655,EZPW
306,2019-07-18,9.65,9.64,9.71,9.625,EZPW
307,2019-07-19,9.6,9.69,9.76,9.53,EZPW
308,2019-07-22,9.68,9.69,9.73,9.61,EZPW
309,2019-07-23,9.69,9.76,9.78,9.61,EZPW
310,2019-07-24,9.71,9.98,10.0,9.71,EZPW
311,2019-07-25,9.99,9.71,10.0,9.64,EZPW
312,2019-07-26,9.72,9.84,9.86,9.7,EZPW
313,2019-07-29,9.84,9.73,9.9,9.63,EZPW
314,2019-07-30,9.68,10.04,10.05,9.66,EZPW
315,2019-07-31,10.07,9.85,10.2,9.83,EZPW
316,2019-08-01,9.43,8.96,9.76,8.63,EZPW
317,2019-08-02,8.89,8.67,8.98,8.54,EZPW
318,2019-08-05,8.55,8.6,8.64,8.37,EZPW
319,2019-08-06,8.56,8.53,8.69,8.45,EZPW
320,2019-08-07,8.45,8.72,8.78,8.435,EZPW
321,2019-08-08,8.8,8.84,8.97,8.71,EZPW
322,2019-08-09,8.85,8.66,8.9,8.59,EZPW
323,2019-08-12,8.59,8.3,8.59,8.28,EZPW
324,2019-08-13,8.26,8.31,8.48,8.25,EZPW
325,2019-08-14,8.17,8.1,8.26,8.08,EZPW
326,2019-08-15,8.19,8.15,8.29,8.11,EZPW
327,2019-08-16,8.18,8.24,8.32,7.97,EZPW
328,2019-08-19,8.35,8.15,8.35,8.11,EZPW
329,2019-08-20,8.11,8.12,8.2,8.02,EZPW
330,2019-08-21,8.2,8.15,8.27,7.97,EZPW
331,2019-08-22,8.13,8.14,8.2199,8.0,EZPW
332,2019-08-23,8.11,7.91,8.19,7.86,EZPW
333,2019-08-26,7.97,7.92,7.98,7.85,EZPW
334,2019-08-27,7.95,7.99,8.02,7.72,EZPW
335,2019-08-28,7.97,7.98,8.1,7.88,EZPW
336,2019-08-29,8.02,8.06,8.185,7.935,EZPW
337,2019-08-30,8.1,7.87,8.29,7.84,EZPW
338,2019-09-03,7.81,7.82,7.9,7.69,EZPW
339,2019-09-04,7.89,7.86,7.95,7.76,EZPW
340,2019-09-05,7.98,7.86,8.03,7.84,EZPW
341,2019-09-06,7.86,7.84,7.91,7.82,EZPW
342,2019-09-09,7.9,7.85,7.925,7.81,EZPW
343,2019-09-10,7.89,8.01,8.13,7.86,EZPW
344,2019-09-11,8.06,8.15,8.22,7.94,EZPW
345,2019-09-12,8.17,8.26,8.33,8.12,EZPW
346,2019-09-13,8.31,8.35,8.46,8.29,EZPW
347,2019-09-16,8.34,8.35,8.53,8.31,EZPW
348,2019-09-17,8.31,8.31,8.38,8.24,EZPW
349,2019-09-18,8.33,8.25,8.33,8.16,EZPW
350,2019-09-19,7.84,7.3,7.87,7.2,EZPW
351,2019-09-20,7.28,7.08,7.28,6.735,EZPW
352,2019-09-23,7.04,6.89,7.1,6.8228,EZPW
353,2019-09-24,6.89,6.635,6.93,6.59,EZPW
354,2019-09-25,6.66,6.75,6.79,6.63,EZPW
355,2019-09-26,6.76,6.74,6.825,6.71,EZPW
356,2019-09-27,6.78,6.625,6.78,6.56,EZPW
357,2019-09-30,6.62,6.455,6.65,6.45,EZPW
358,2019-10-01,6.48,6.33,6.55,6.3,EZPW
359,2019-10-02,6.3,6.26,6.41,6.22,EZPW
360,2019-10-03,6.25,6.08,6.31,6.0423,EZPW
361,2019-10-04,6.13,6.105,6.18,6.01,EZPW
362,2019-10-07,6.08,6.19,6.28,6.08,EZPW
363,2019-10-08,5.61,5.43,5.77,5.32,EZPW
364,2019-10-09,5.44,5.54,5.65,5.42,EZPW
365,2019-10-10,5.58,5.57,5.68,5.56,EZPW
366,2019-10-11,5.6,5.75,5.86,5.6,EZPW
367,2019-10-14,5.75,5.825,5.885,5.65,EZPW
368,2019-10-15,5.83,5.905,5.95,5.8,EZPW
369,2019-10-16,5.9,5.86,5.94,5.85,EZPW
370,2019-10-17,5.87,5.81,5.88,5.77,EZPW
371,2019-10-18,5.77,5.79,5.87,5.76,EZPW
372,2019-10-21,5.87,5.82,5.95,5.81,EZPW
373,2019-10-22,5.82,5.65,5.83,5.63,EZPW
374,2019-10-23,5.65,5.33,5.7328,5.297,EZPW
375,2019-10-24,5.35,5.2,5.41,5.12,EZPW
376,2019-10-25,5.2,5.27,5.29,5.1901,EZPW
377,2019-10-28,5.3,5.32,5.4,5.3,EZPW
378,2019-10-29,5.32,5.34,5.34,5.23,EZPW
379,2019-10-30,5.31,5.36,5.39,5.21,EZPW
380,2019-10-31,5.33,5.26,5.34,5.165,EZPW
381,2019-11-01,5.34,5.34,5.45,5.32,EZPW
382,2019-11-04,5.36,5.51,5.515,5.31,EZPW
383,2019-11-05,5.52,5.44,5.64,5.39,EZPW
384,2019-11-06,5.39,5.23,5.5,5.22,EZPW
385,2019-11-07,5.31,5.34,5.4,5.2631,EZPW
386,2019-11-08,5.32,5.2,5.32,5.155,EZPW
387,2019-11-11,5.13,5.11,5.23,5.09,EZPW
388,2019-11-12,5.05,5.33,5.37,5.05,EZPW
389,2019-11-13,5.33,5.38,5.45,5.27,EZPW
390,2019-11-14,5.35,5.16,5.43,5.15,EZPW
391,2019-11-15,5.21,5.18,5.21,5.08,EZPW
392,2019-11-18,5.29,5.09,5.29,5.035,EZPW
393,2019-11-19,5.18,4.89,5.18,4.83,EZPW
394,2019-11-20,4.87,4.87,4.965,4.77,EZPW
395,2019-11-21,4.9,4.955,5.0,4.8326,EZPW
396,2019-11-22,4.96,5.05,5.13,4.95,EZPW
397,2019-11-25,5.04,5.27,5.31,5.04,EZPW
398,2019-11-26,5.28,5.18,5.3359,5.18,EZPW
399,2019-11-27,5.21,5.09,5.27,5.08,EZPW
400,2019-11-29,5.09,5.12,5.12,5.035,EZPW
401,2019-12-02,5.12,5.1,5.18,5.01,EZPW
402,2019-12-03,4.99,5.19,5.2,4.9,EZPW
403,2019-12-04,5.24,5.22,5.39,5.2,EZPW
404,2019-12-05,5.22,5.23,5.3299,5.18,EZPW
405,2019-12-06,5.8,6.19,6.43,5.7,EZPW
406,2019-12-09,6.11,6.33,6.41,6.09,EZPW
407,2019-12-10,6.3,6.17,6.4031,6.115,EZPW
408,2019-12-11,6.24,6.17,6.27,6.16,EZPW
409,2019-12-12,6.17,6.29,6.37,6.14,EZPW
410,2019-12-13,6.28,6.34,6.36,6.11,EZPW
411,2019-12-16,6.45,6.6,6.95,6.45,EZPW
412,2019-12-17,6.6,6.92,6.96,6.56,EZPW
413,2019-12-18,6.96,6.88,7.01,6.8,EZPW
414,2019-12-19,6.87,6.82,6.91,6.72,EZPW
415,2019-12-20,6.82,6.89,6.96,6.8,EZPW
416,2019-12-23,6.93,6.69,6.95,6.66,EZPW
417,2019-12-24,6.69,6.71,6.79,6.66,EZPW
418,2019-12-26,6.71,6.71,6.76,6.63,EZPW
419,2019-12-27,6.75,6.69,6.825,6.68,EZPW
420,2019-12-30,6.7,6.81,6.85,6.64,EZPW
421,2019-12-31,6.78,6.82,6.895,6.74,EZPW
422,2020-01-02,6.88,6.59,6.9,6.58,EZPW
423,2020-01-03,6.53,6.63,6.67,6.48,EZPW
424,2020-01-06,6.54,6.61,6.69,6.505,EZPW
425,2020-01-07,6.61,6.56,6.715,6.54,EZPW
426,2020-01-08,6.55,6.52,6.6,6.48,EZPW
427,2020-01-09,6.52,6.39,6.552,6.39,EZPW
428,2020-01-10,6.4,6.33,6.435,6.295,EZPW
429,2020-01-13,6.33,6.2,6.37,6.19,EZPW
430,2020-01-14,6.2,6.16,6.3,6.13,EZPW
431,2020-01-15,6.13,6.18,6.24,6.13,EZPW
432,2020-01-16,6.19,6.25,6.36,6.16,EZPW
433,2020-01-17,6.3,6.35,6.43,6.28,EZPW
434,2020-01-21,6.3,6.38,6.425,6.27,EZPW
435,2020-01-22,6.36,6.38,6.45,6.34,EZPW
436,2020-01-23,6.39,6.48,6.52,6.32,EZPW
437,2020-01-24,6.47,6.395,6.56,6.37,EZPW
438,2020-01-27,6.28,6.2,6.35,6.2,EZPW
439,2020-01-28,6.24,6.36,6.36,6.19,EZPW
440,2020-01-29,6.4,6.32,6.43,6.28,EZPW
441,2020-01-30,6.29,6.41,6.42,6.22,EZPW
442,2020-01-31,6.38,6.22,6.4644,6.21,EZPW
443,2020-02-03,6.24,6.72,6.9556,6.24,EZPW
444,2020-02-04,5.95,5.01,5.98,4.91,EZPW
445,2020-02-05,5.06,4.94,5.065,4.77,EZPW
446,2020-02-06,5.0,5.03,5.15,4.93,EZPW
447,2020-02-07,5.02,4.95,5.075,4.92,EZPW
448,2020-02-10,4.92,4.82,5.1401,4.8,EZPW
449,2020-02-11,4.88,4.81,4.93,4.79,EZPW
450,2020-02-12,4.88,4.93,4.985,4.82,EZPW
451,2020-02-13,4.88,4.87,4.995,4.85,EZPW
452,2020-02-14,4.8,4.91,4.955,4.78,EZPW
453,2020-02-18,4.85,4.89,5.0,4.84,EZPW
454,2020-02-19,4.91,4.88,4.94,4.825,EZPW
455,2020-02-20,4.87,5.065,5.12,4.87,EZPW
456,2020-02-21,5.07,4.87,5.15,4.83,EZPW
457,2020-02-24,4.77,4.82,4.885,4.68,EZPW
458,2020-02-25,4.81,4.77,4.82,4.64,EZPW
459,2020-02-26,4.81,4.68,4.8326,4.66,EZPW
460,2020-02-27,4.64,4.79,5.048,4.5442,EZPW
461,2020-02-28,4.74,4.8,4.95,4.685,EZPW
462,2020-03-02,4.81,4.81,4.9125,4.66,EZPW
463,2020-03-03,4.85,4.7,5.005,4.62,EZPW
464,2020-03-04,4.7,4.65,4.75,4.56,EZPW
465,2020-03-05,4.6,4.6,4.67,4.54,EZPW
466,2020-03-06,4.5,4.65,4.75,4.38,EZPW
467,2020-03-09,4.43,4.48,4.57,4.33,EZPW
468,2020-03-10,4.53,4.44,4.71,4.345,EZPW
469,2020-03-11,4.37,4.24,4.46,4.175,EZPW
470,2020-03-12,3.97,3.83,4.19,3.8,EZPW
471,2020-03-13,3.83,4.27,4.27,3.83,EZPW
472,2020-03-16,3.94,3.7,4.29,3.61,EZPW
473,2020-03-17,3.72,3.99,4.0,3.51,EZPW
474,2020-03-18,3.82,3.64,3.93,3.55,EZPW
475,2020-03-19,3.57,3.59,3.65,3.42,EZPW
476,2020-03-20,3.61,3.84,3.95,3.55,EZPW
477,2020-03-23,3.9,3.76,4.01,3.57,EZPW
478,2020-03-24,3.86,3.68,3.98,3.5,EZPW
479,2020-03-25,3.73,3.5,3.885,3.41,EZPW
480,2020-03-26,3.48,3.8,3.98,3.41,EZPW
481,2020-03-27,3.77,4.15,4.24,3.61,EZPW
482,2020-03-30,4.18,4.23,4.3,3.8,EZPW
483,2020-03-31,4.22,4.17,4.46,3.995,EZPW
484,2020-04-01,4.01,3.98,4.185,3.77,EZPW
485,2020-04-02,3.87,4.29,4.32,3.76,EZPW
486,2020-04-03,4.23,4.31,4.44,4.16,EZPW
487,2020-04-06,4.49,4.57,4.72,4.4,EZPW
488,2020-04-07,4.72,4.39,4.82,4.36,EZPW
489,2020-04-08,4.44,4.66,4.69,4.355,EZPW
490,2020-04-09,4.81,4.95,5.08,4.75,EZPW
491,2020-04-13,5.1505,4.79,5.1505,4.76,EZPW
492,2020-04-14,4.87,4.85,5.02,4.75,EZPW
493,2020-04-15,4.68,4.75,4.83,4.57,EZPW
494,2020-04-16,4.82,4.86,4.98,4.72,EZPW
495,2020-04-17,5.0,4.95,5.29,4.94,EZPW
496,2020-04-20,4.83,4.89,4.97,4.71,EZPW
497,2020-04-21,4.76,4.86,4.91,4.66,EZPW
498,2020-04-22,4.9,4.71,4.93,4.61,EZPW
499,2020-04-23,4.72,4.89,5.01,4.65,EZPW
500,2020-04-24,4.92,5.15,5.21,4.87,EZPW
501,2020-04-27,5.18,5.1,5.19,4.84,EZPW
502,2020-04-28,5.21,5.36,5.39,5.06,EZPW
503,2020-04-29,5.5,5.65,5.8,5.46,EZPW
504,2020-04-30,5.53,5.6,5.695,5.42,EZPW
505,2020-05-01,5.49,5.18,5.5,5.09,EZPW
506,2020-05-04,5.13,5.4,5.43,5.01,EZPW
507,2020-05-05,5.45,5.25,5.56,5.21,EZPW
508,2020-05-06,5.27,5.21,5.38,5.19,EZPW
509,2020-05-07,5.28,5.2,5.38,5.17,EZPW
510,2020-05-08,5.29,5.52,5.545,5.17,EZPW
511,2020-05-11,5.45,5.24,5.47,5.15,EZPW
512,2020-05-12,5.05,4.86,5.214,4.79,EZPW
513,2020-05-13,4.75,4.595,4.83,4.49,EZPW
514,2020-05-14,4.55,4.61,4.63,4.34,EZPW
515,2020-05-15,4.63,4.82,4.9,4.54,EZPW
516,2020-05-18,5.02,5.09,5.11,4.91,EZPW
517,2020-05-19,5.11,4.86,5.12,4.85,EZPW
518,2020-05-20,4.94,5.14,5.15,4.875,EZPW
519,2020-05-21,5.16,5.28,5.3,5.09,EZPW
520,2020-05-22,5.3,5.19,5.3,4.95,EZPW
521,2020-05-26,5.38,5.3,5.39,5.23,EZPW
522,2020-05-27,5.4,5.35,5.44,5.24,EZPW
523,2020-05-28,5.39,5.26,5.41,5.215,EZPW
524,2020-05-29,5.22,5.16,5.2463,5.02,EZPW
525,2020-06-01,5.17,5.22,5.4214,5.13,EZPW
526,2020-06-02,5.27,5.41,5.48,5.16,EZPW
527,2020-06-03,5.49,5.64,5.785,5.43,EZPW
528,2020-06-04,5.73,6.26,6.335,5.695,EZPW
529,2020-06-05,6.27,6.45,6.61,6.27,EZPW
530,2020-06-08,6.55,6.645,6.65,6.36,EZPW
531,2020-06-09,6.55,6.7,6.84,6.35,EZPW
532,2020-06-10,6.7,6.555,6.72,6.41,EZPW
533,2020-06-11,6.26,6.355,6.48,6.135,EZPW
534,2020-06-12,6.5,6.32,6.625,6.18,EZPW
535,2020-06-15,6.18,6.405,6.51,6.13,EZPW
536,2020-06-16,6.57,6.33,6.575,6.22,EZPW
537,2020-06-17,6.34,6.19,6.35,6.17,EZPW
538,2020-06-18,6.16,6.18,6.25,6.035,EZPW
539,2020-06-19,6.22,6.085,6.28,6.08,EZPW
540,2020-06-22,6.03,6.07,6.09,5.855,EZPW
541,2020-06-23,6.14,6.01,6.165,5.97,EZPW
542,2020-06-24,5.94,6.06,6.12,5.82,EZPW
543,2020-06-25,6.01,6.24,6.255,5.99,EZPW
544,2020-06-26,6.19,5.94,6.19,5.85,EZPW
545,2020-06-29,5.98,6.27,6.34,5.98,EZPW
546,2020-06-30,6.25,6.3,6.38,6.217,EZPW
547,2020-07-01,6.31,5.965,6.44,5.91,EZPW
548,2020-07-02,6.0,5.92,6.14,5.89,EZPW
549,2020-07-06,6.03,6.08,6.18,5.92,EZPW
550,2020-07-07,6.03,5.99,6.08,5.925,EZPW
551,2020-07-08,6.07,5.88,6.07,5.83,EZPW
552,2020-07-09,5.96,5.71,5.98,5.68,EZPW
553,2020-07-10,5.68,5.56,5.7,5.25,EZPW
554,2020-07-13,5.63,5.38,5.63,5.33,EZPW
555,2020-07-14,5.39,5.53,5.58,5.31,EZPW
556,2020-07-15,5.63,5.9,5.94,5.55,EZPW
557,2020-07-16,5.85,5.68,5.87,5.63,EZPW
558,2020-07-17,5.66,5.6,5.82,5.585,EZPW
559,2020-07-20,5.54,5.52,5.65,5.49,EZPW
560,2020-07-21,5.6,5.78,5.85,5.53,EZPW
561,2020-07-22,5.82,5.98,6.0,5.74,EZPW
562,2020-07-23,5.86,5.81,5.97,5.595,EZPW
563,2020-07-24,5.8,5.67,5.825,5.66,EZPW
564,2020-07-27,5.71,5.66,5.79,5.59,EZPW
565,2020-07-28,5.64,5.59,5.705,5.59,EZPW
566,2020-07-29,5.62,5.86,5.88,5.55,EZPW
567,2020-07-30,5.78,5.91,5.99,5.695,EZPW
568,2020-07-31,5.85,5.72,5.96,5.63,EZPW
569,2020-08-03,5.73,5.69,5.75,5.65,EZPW
570,2020-08-04,5.66,5.89,5.9,5.59,EZPW
571,2020-08-05,5.49,5.94,6.06,5.28,EZPW
572,2020-08-06,5.95,5.92,6.09,5.88,EZPW
573,2020-08-07,5.92,5.98,6.02,5.85,EZPW
574,2020-08-10,6.02,6.04,6.11,5.98,EZPW
575,2020-08-11,6.11,5.96,6.19,5.92,EZPW
576,2020-08-12,6.04,5.78,6.09,5.74,EZPW
577,2020-08-13,5.76,5.67,5.85,5.65,EZPW
578,2020-08-14,5.67,5.74,5.76,5.595,EZPW
579,2020-08-17,5.76,5.58,5.76,5.51,EZPW
580,2020-08-18,5.6,5.47,5.6,5.41,EZPW
581,2020-08-19,5.5,5.5,5.54,5.41,EZPW
582,2020-08-20,5.46,5.48,5.53,5.42,EZPW
583,2020-08-21,5.49,5.44,5.5399,5.43,EZPW
584,2020-08-24,5.51,5.55,5.69,5.43,EZPW
585,2020-08-25,5.61,5.4,5.658,5.4,EZPW
586,2020-08-26,5.45,5.42,5.45,5.3501,EZPW
587,2020-08-27,5.37,5.42,5.5,5.35,EZPW
588,2020-08-28,5.45,5.61,5.61,5.38,EZPW
589,2020-08-31,5.57,5.38,5.63,5.38,EZPW
590,2020-09-01,5.34,5.45,5.45,5.15,EZPW
591,2020-09-02,5.45,5.64,5.67,5.38,EZPW
592,2020-09-03,5.66,5.6,5.68,5.53,EZPW
593,2020-09-04,5.64,5.6,5.82,5.5501,EZPW
594,2020-09-08,5.56,5.44,5.58,5.42,EZPW
595,2020-09-09,5.49,5.36,5.49,5.29,EZPW
596,2020-09-10,5.38,5.33,5.45,5.27,EZPW
597,2020-09-11,5.35,5.21,5.35,5.205,EZPW
598,2020-09-14,5.25,5.29,5.32,5.18,EZPW
599,2020-09-15,5.31,5.18,5.335,5.18,EZPW
600,2020-09-16,5.2,5.22,5.315,5.15,EZPW
601,2020-09-17,5.18,5.15,5.25,5.11,EZPW
602,2020-09-18,5.21,5.18,5.255,5.085,EZPW
603,2020-09-21,5.1,5.03,5.11,4.88,EZPW
604,2020-09-22,5.04,5.19,5.2,4.99,EZPW
605,2020-09-23,5.17,4.99,5.23,4.96,EZPW
606,2020-09-24,5.0,4.9,5.0,4.9,EZPW
607,2020-09-25,4.87,4.9,4.94,4.8,EZPW
608,2020-09-28,4.95,5.13,5.2,4.91,EZPW
609,2020-09-29,5.11,5.05,5.15,5.03,EZPW
610,2020-09-30,5.05,5.03,5.21,5.01,EZPW
611,2020-10-01,5.04,5.01,5.17,4.97,EZPW
612,2020-10-02,4.92,5.0,5.07,4.89,EZPW
613,2020-10-05,5.06,5.13,5.225,4.99,EZPW
614,2020-10-06,5.17,5.31,5.42,5.17,EZPW
615,2020-10-07,5.35,5.41,5.51,5.35,EZPW
616,2020-10-08,5.47,5.3,5.5,5.24,EZPW
617,2020-10-09,5.32,5.09,5.34,5.08,EZPW
618,2020-10-12,5.1,5.11,5.21,5.07,EZPW
619,2020-10-13,5.07,4.98,5.21,4.905,EZPW
620,2020-10-14,5.01,4.91,5.05,4.91,EZPW
621,2020-10-15,4.93,5.21,5.265,4.8499,EZPW
622,2020-10-16,5.17,5.24,5.3,5.11,EZPW
623,2020-10-19,5.27,5.14,5.345,5.13,EZPW
624,2020-10-20,5.18,5.17,5.21,5.1,EZPW
625,2020-10-21,5.15,5.02,5.205,4.97,EZPW
626,2020-10-22,5.02,4.95,5.04,4.94,EZPW
627,2020-10-23,4.96,4.96,5.02,4.9,EZPW
628,2020-10-26,4.9,4.86,4.925,4.785,EZPW
629,2020-10-27,4.89,4.81,4.89,4.785,EZPW
630,2020-10-28,4.74,4.69,4.79,4.68,EZPW
631,2020-10-29,4.67,4.58,4.67,4.55,EZPW
632,2020-10-30,4.59,4.46,4.65,4.45,EZPW
633,2020-11-02,4.47,4.43,4.555,4.41,EZPW
634,2020-11-03,4.47,4.65,4.7401,4.47,EZPW
635,2020-11-04,4.62,4.71,4.7519,4.57,EZPW
636,2020-11-05,4.71,4.8,4.815,4.71,EZPW
637,2020-11-06,4.82,4.79,4.82,4.74,EZPW
638,2020-11-09,4.92,5.1,5.17,4.86,EZPW
639,2020-11-10,5.16,5.14,5.17,5.07,EZPW
640,2020-11-11,5.14,5.11,5.15,4.93,EZPW
641,2020-11-12,5.08,4.9,5.08,4.81,EZPW
642,2020-11-13,4.91,5.13,5.15,4.91,EZPW
643,2020-11-16,5.18,5.14,5.24,5.07,EZPW
644,2020-11-17,5.08,5.1,5.11,4.905,EZPW
645,2020-11-18,5.14,5.14,5.29,5.08,EZPW
646,2020-11-19,5.15,5.24,5.24,5.03,EZPW
647,2020-11-20,5.2,5.38,5.45,5.14,EZPW
648,2020-11-23,5.4,5.43,5.5478,5.32,EZPW
649,2020-11-24,5.47,5.51,5.56,5.47,EZPW
650,2020-11-25,5.47,5.27,5.485,5.17,EZPW
651,2020-11-27,5.25,5.42,5.43,5.19,EZPW
652,2020-11-30,5.36,5.09,5.42,5.05,EZPW
653,2020-12-01,5.19,5.24,5.41,5.15,EZPW
654,2020-12-02,5.22,5.25,5.3,5.16,EZPW
655,2020-12-03,5.29,5.38,5.44,5.26,EZPW
656,2020-12-04,5.39,5.38,5.45,5.173,EZPW
657,2020-12-07,5.38,5.38,5.41,5.21,EZPW
658,2020-12-08,5.32,5.43,5.47,5.27,EZPW
659,2020-12-09,5.49,5.35,5.49,5.29,EZPW
660,2020-12-10,5.34,5.25,5.355,5.21,EZPW
661,2020-12-11,5.21,5.1,5.2499,5.03,EZPW
662,2020-12-14,5.1152,4.98,5.15,4.98,EZPW
663,2020-12-15,4.96,4.94,5.0584,4.46,EZPW
664,2020-12-16,4.92,4.69,4.9681,4.69,EZPW
665,2020-12-17,4.75,4.58,4.75,4.54,EZPW
666,2020-12-18,4.59,4.59,4.755,4.57,EZPW
667,2020-12-21,4.51,4.82,4.95,4.34,EZPW
668,2020-12-22,5.13,4.78,5.13,4.7,EZPW
669,2020-12-23,4.92,4.83,4.92,4.7431,EZPW
670,2020-12-24,4.88,4.75,4.9143,4.715,EZPW
671,2020-12-28,4.82,4.78,4.96,4.73,EZPW
672,2020-12-29,4.79,4.76,4.81,4.72,EZPW
673,2020-12-30,4.78,4.75,4.79,4.682,EZPW
674,2020-12-31,4.75,4.79,4.84,4.635,EZPW
675,2021-01-04,4.86,4.79,4.86,4.66,EZPW
676,2021-01-05,4.76,4.98,5.07,4.75,EZPW
677,2021-01-06,5.04,5.1,5.3,5.04,EZPW
678,2021-01-07,5.13,5.01,5.23,4.98,EZPW
679,2021-01-08,5.05,4.92,5.0522,4.7946,EZPW
680,2021-01-11,4.88,4.78,4.92,4.74,EZPW
681,2021-01-12,4.8,4.78,4.83,4.7,EZPW
682,2021-01-13,4.77,4.69,4.8213,4.65,EZPW
683,2021-01-14,4.73,4.79,4.84,4.71,EZPW
684,2021-01-15,4.77,4.68,4.7872,4.65,EZPW
685,2021-01-19,4.74,4.71,4.755,4.635,EZPW
686,2021-01-20,4.7,4.66,4.73,4.58,EZPW
687,2021-01-21,4.69,4.67,4.7119,4.5862,EZPW
688,2021-01-22,4.61,4.74,4.76,4.58,EZPW
689,2021-01-25,4.74,4.78,4.83,4.63,EZPW
690,2021-01-26,4.81,4.78,4.8289,4.68,EZPW
691,2021-01-27,4.74,4.6,4.75,4.51,EZPW
692,2021-01-28,4.64,4.555,4.64,4.51,EZPW
693,2021-01-29,4.55,4.49,4.57,4.47,EZPW
694,2021-02-01,4.59,4.64,4.725,4.5106,EZPW
695,2021-02-02,4.68,4.68,4.79,4.575,EZPW
696,2021-02-03,4.68,4.79,4.85,4.68,EZPW
697,2021-02-04,5.02,5.19,5.2,4.8981,EZPW
698,2021-02-05,5.29,5.2,5.3,4.8,EZPW
699,2021-02-08,5.2,5.15,5.21,5.05,EZPW
700,2021-02-09,5.14,5.14,5.2,5.06,EZPW
701,2021-02-10,5.15,5.06,5.18,4.97,EZPW
702,2021-02-11,5.06,5.05,5.15,4.97,EZPW
703,2021-02-12,5.04,4.99,5.04,4.97,EZPW
704,2021-02-16,5.01,5.16,5.2,5.01,EZPW
705,2021-02-17,5.14,5.01,5.1903,5.0,EZPW
706,2021-02-18,5.0,4.89,5.0,4.805,EZPW
707,2021-02-19,4.89,4.86,4.97,4.8,EZPW
708,2021-02-22,4.85,4.96,5.0,4.8,EZPW
709,2021-02-23,4.92,4.96,4.99,4.84,EZPW
710,2021-02-24,4.94,5.23,5.24,4.87,EZPW
711,2021-02-25,5.21,5.0,5.28,4.98,EZPW
712,2021-02-26,4.97,4.8,5.03,4.785,EZPW
713,2021-03-01,4.88,4.94,4.97,4.87,EZPW
714,2021-03-02,4.94,4.91,4.975,4.85,EZPW
715,2021-03-03,4.94,4.99,5.09,4.94,EZPW
716,2021-03-04,4.97,5.05,5.11,4.96,EZPW
717,2021-03-05,5.14,5.2,5.215,5.04,EZPW
718,2021-03-08,5.25,5.28,5.2999,5.15,EZPW
719,2021-03-09,5.31,5.19,5.35,5.18,EZPW
720,2021-03-10,5.2,5.28,5.3,5.16,EZPW
721,2021-03-11,5.28,5.41,5.42,5.255,EZPW
722,2021-03-12,5.44,5.59,5.615,5.1901,EZPW
723,2021-03-15,5.62,5.69,5.73,5.5,EZPW
724,2021-03-16,5.67,5.6,5.685,5.47,EZPW
725,2021-03-17,5.61,5.67,5.68,5.57,EZPW
726,2021-03-18,5.59,5.58,5.78,5.54,EZPW
727,2021-03-19,5.59,5.54,5.745,5.535,EZPW
728,2021-03-22,5.4635,5.43,5.58,5.42,EZPW
729,2021-03-23,5.41,5.24,5.44,5.19,EZPW
730,2021-03-24,5.3,5.12,5.415,5.12,EZPW
731,2021-03-25,5.09,5.09,5.1801,5.03,EZPW
732,2021-03-26,5.15,5.16,5.21,5.06,EZPW
733,2021-03-29,5.11,5.07,5.21,5.055,EZPW
734,2021-03-30,5.05,5.06,5.135,5.05,EZPW
735,2021-03-31,5.07,4.97,5.09,4.96,EZPW
736,2021-04-01,4.96,5.14,5.15,4.91,EZPW
737,2021-04-05,5.19,5.28,5.32,5.14,EZPW
738,2021-04-06,5.28,5.3,5.395,5.27,EZPW
739,2021-04-07,5.31,5.24,5.38,5.17,EZPW
740,2021-04-08,5.24,5.29,5.345,5.24,EZPW
741,2021-04-09,5.3,5.37,5.4,5.2977,EZPW
742,2021-04-12,5.37,5.35,5.41,5.31,EZPW
743,2021-04-13,5.32,5.21,5.36,5.2,EZPW
744,2021-04-14,5.22,5.2,5.29,5.18,EZPW
745,2021-04-15,5.2,5.22,5.23,5.13,EZPW
746,2021-04-16,5.25,5.23,5.3,5.22,EZPW
747,2021-04-19,5.24,5.12,5.24,5.06,EZPW
748,2021-04-20,5.09,5.09,5.18,5.03,EZPW
749,2021-04-21,5.07,5.12,5.14,5.01,EZPW
750,2021-04-22,5.15,4.99,5.17,4.99,EZPW
751,2021-04-23,5.0,5.06,5.11,4.99,EZPW
752,2021-04-26,5.1,5.1,5.14,5.07,EZPW
753,2021-04-27,5.1,5.16,5.18,5.085,EZPW
754,2021-04-28,5.17,5.21,5.26,5.12,EZPW
755,2021-04-29,5.79,5.64,5.94,5.59,EZPW
756,2021-04-30,5.65,5.63,5.764,5.555,EZPW
757,2021-05-03,5.7,5.7,5.89,5.68,EZPW
758,2021-05-04,5.71,5.77,5.8,5.6671,EZPW
759,2021-05-05,5.86,5.91,5.97,5.85,EZPW
760,2021-05-06,5.92,6.65,6.65,5.92,EZPW
761,2021-05-07,6.55,6.49,6.55,6.38,EZPW
762,2021-05-10,6.46,6.54,6.73,6.36,EZPW
763,2021-05-11,6.43,6.55,6.58,6.29,EZPW
764,2021-05-12,6.56,6.61,6.69,6.5,EZPW
765,2021-05-13,6.6,6.68,6.73,6.56,EZPW
766,2021-05-14,6.69,6.95,6.97,6.65,EZPW
767,2021-05-17,6.95,7.24,7.265,6.95,EZPW
768,2021-05-18,7.22,7.2,7.25,7.05,EZPW
769,2021-05-19,6.91,7.15,7.22,6.722,EZPW
770,2021-05-20,7.11,7.2,7.24,6.9801,EZPW
771,2021-05-21,7.25,7.29,7.35,7.235,EZPW
772,2021-05-24,7.3,7.29,7.33,7.19,EZPW
773,2021-05-25,7.26,7.07,7.32,7.06,EZPW
774,2021-05-26,7.07,7.09,7.16,7.03,EZPW
775,2021-05-27,7.17,7.38,7.43,7.17,EZPW
776,2021-05-28,7.36,7.35,7.395,7.28,EZPW
777,2021-06-01,7.44,7.58,7.62,7.3597,EZPW
778,2021-06-02,7.64,7.46,7.6829,7.4,EZPW
779,2021-06-03,7.39,7.5,7.55,7.27,EZPW
780,2021-06-04,7.52,7.44,7.52,7.4031,EZPW
781,2021-06-07,7.45,7.12,7.49,7.085,EZPW
782,2021-06-08,7.01,7.05,7.1,6.89,EZPW
783,2021-06-09,6.98,6.96,7.049,6.9023,EZPW
784,2021-06-10,7.04,6.93,7.09,6.88,EZPW
785,2021-06-11,6.92,7.15,7.19,6.89,EZPW
786,2021-06-14,7.12,7.21,7.4,7.04,EZPW
787,2021-06-15,7.23,7.21,7.3,7.122,EZPW
788,2021-06-16,7.16,7.05,7.2,7.05,EZPW
789,2021-06-17,7.06,6.9,7.22,6.88,EZPW
790,2021-06-18,6.81,6.44,6.85,6.37,EZPW
791,2021-06-21,6.44,6.75,6.785,6.44,EZPW
792,2021-06-22,6.8,6.68,6.8,6.5999,EZPW
793,2021-06-23,6.72,6.73,6.815,6.71,EZPW
794,2021-06-24,6.74,6.66,6.77,6.58,EZPW
795,2021-06-25,6.69,6.38,6.69,6.29,EZPW
796,2021-06-28,6.315,6.36,6.39,6.25,EZPW
797,2021-06-29,6.35,6.19,6.37,6.16,EZPW
798,2021-06-30,6.2,6.03,6.21,5.97,EZPW
799,2021-07-01,6.11,6.17,6.22,6.0,EZPW
800,2021-07-02,6.15,5.98,6.15,5.965,EZPW
801,2021-07-06,5.94,5.98,6.1,5.92,EZPW
802,2021-07-07,5.82,5.82,5.93,5.8,EZPW
803,2021-07-08,5.73,5.79,5.815,5.66,EZPW
804,2021-07-09,5.845,6.06,6.065,5.83,EZPW
805,2021-07-12,6.02,6.2,6.235,6.02,EZPW
806,2021-07-13,6.2,6.11,6.2,6.08,EZPW
807,2021-07-14,6.11,6.01,6.155,6.005,EZPW
808,2021-07-15,6.01,6.01,6.08,5.95,EZPW
809,2021-07-16,6.08,5.92,6.1,5.91,EZPW
810,2021-07-19,5.77,5.76,5.9097,5.7101,EZPW
811,2021-07-20,5.77,5.78,5.89,5.7,EZPW
812,2021-07-21,5.82,5.88,5.975,5.82,EZPW
813,2021-07-22,5.87,5.7,5.87,5.69,EZPW
814,2021-07-23,5.73,5.68,5.745,5.59,EZPW
815,2021-07-26,5.7,5.8,5.93,5.7,EZPW
816,2021-07-27,5.74,5.74,5.775,5.72,EZPW
817,2021-07-28,5.75,5.79,5.86,5.725,EZPW
818,2021-07-29,5.82,5.83,5.89,5.8,EZPW
819,2021-07-30,5.77,5.72,5.84,5.72,EZPW
820,2021-08-02,5.73,5.64,5.81,5.63,EZPW
821,2021-08-03,5.63,5.6,5.675,5.555,EZPW
822,2021-08-04,5.52,5.64,5.68,5.51,EZPW
823,2021-08-05,5.58,5.94,6.0,5.5,EZPW
824,2021-08-06,6.0,6.0,6.14,5.97,EZPW
825,2021-08-09,5.97,6.05,6.11,5.88,EZPW
826,2021-08-10,6.03,6.04,6.09,5.99,EZPW
827,2021-08-11,6.07,6.29,6.29,6.03,EZPW
828,2021-08-12,6.23,6.21,6.23,6.11,EZPW
829,2021-08-13,6.24,6.16,6.3,6.15,EZPW
830,2021-08-16,6.13,6.29,6.31,6.08,EZPW
831,2021-08-17,6.21,6.22,6.255,6.16,EZPW
832,2021-08-18,6.2,6.2,6.3,6.18,EZPW
833,2021-08-19,6.15,6.17,6.25,6.15,EZPW
834,2021-08-20,6.13,6.31,6.34,6.13,EZPW
835,2021-08-23,6.32,6.37,6.405,6.32,EZPW
836,2021-08-24,6.38,6.56,6.57,6.35,EZPW
837,2021-08-25,6.6,6.6,6.64,6.5,EZPW
838,2021-08-26,6.61,6.65,6.715,6.53,EZPW
839,2021-08-27,6.66,6.77,6.777,6.66,EZPW
840,2021-08-30,6.76,6.87,6.89,6.705,EZPW
841,2021-08-31,6.88,6.89,6.95,6.783,EZPW
842,2021-09-01,6.92,6.81,6.92,6.78,EZPW
843,2021-09-02,6.8,6.87,6.925,6.775,EZPW
844,2021-09-03,6.89,6.89,6.89,6.78,EZPW
845,2021-09-07,6.89,6.84,6.91,6.81,EZPW
846,2021-09-08,6.83,6.59,6.83,6.57,EZPW
847,2021-09-09,6.57,6.64,6.68,6.51,EZPW
848,2021-09-10,6.67,6.65,6.755,6.58,EZPW
849,2021-09-13,6.67,6.86,6.875,6.6,EZPW
850,2021-09-14,6.89,6.78,6.9,6.74,EZPW
851,2021-09-15,6.76,6.75,6.87,6.72,EZPW
852,2021-09-16,6.99,7.11,7.3214,6.955,EZPW
853,2021-09-17,7.1,7.08,7.145,7.0,EZPW
854,2021-09-20,6.94,7.0,7.01,6.78,EZPW
855,2021-09-21,7.02,7.31,7.35,7.02,EZPW
856,2021-09-22,7.36,7.3,7.43,7.25,EZPW
857,2021-09-23,7.32,7.56,7.6,7.21,EZPW
858,2021-09-24,7.56,7.66,7.71,7.53,EZPW
859,2021-09-27,7.72,7.97,8.025,7.72,EZPW
860,2021-09-28,8.05,7.89,8.1212,7.825,EZPW
861,2021-09-29,7.65,7.69,7.94,7.65,EZPW
862,2021-09-30,7.74,7.57,7.74,7.51,EZPW
863,2021-10-01,7.58,7.58,7.96,7.57,EZPW
864,2021-10-04,7.62,7.59,7.665,7.47,EZPW
865,2021-10-05,7.62,7.63,7.725,7.5407,EZPW
866,2021-10-06,7.59,7.56,7.75,7.53,EZPW
867,2021-10-07,7.66,7.73,7.91,7.66,EZPW
868,2021-10-08,7.76,8.24,8.25,7.74,EZPW
869,2021-10-11,8.31,8.32,8.79,8.29,EZPW
870,2021-10-12,8.31,8.39,8.5,8.255,EZPW
871,2021-10-13,8.39,8.2,8.49,8.125,EZPW
872,2021-10-14,8.26,8.0,8.26,7.975,EZPW
873,2021-10-15,8.09,8.0,8.11,7.94,EZPW
874,2021-10-18,8.01,8.01,8.13,7.92,EZPW
875,2021-10-19,8.07,7.91,8.07,7.88,EZPW
876,2021-10-20,7.89,7.87,7.935,7.715,EZPW
877,2021-10-21,7.91,7.81,8.05,7.76,EZPW
878,2021-10-22,7.83,7.64,7.83,7.61,EZPW
879,2021-10-25,7.65,7.65,7.65,7.385,EZPW
880,2021-10-26,7.66,7.71,7.85,7.66,EZPW
881,2021-10-27,7.65,7.38,7.65,7.35,EZPW
882,2021-10-28,7.4,7.34,7.4899,7.3,EZPW
883,2021-10-29,7.32,7.46,7.53,7.32,EZPW
884,2021-11-01,7.52,7.61,7.645,7.46,EZPW
885,2021-11-02,7.47,7.47,7.54,7.32,EZPW
886,2021-11-03,7.46,7.6,7.68,7.46,EZPW
887,2021-11-04,7.64,7.6,7.67,7.45,EZPW
888,2021-11-05,7.68,7.8,7.86,7.68,EZPW
889,2021-11-08,7.8,7.8,7.88,7.74,EZPW
890,2021-11-09,7.73,7.91,7.94,7.69,EZPW
891,2021-11-10,7.95,7.95,8.01,7.84,EZPW
892,2021-11-11,7.93,8.03,8.07,7.885,EZPW
893,2021-11-12,8.06,8.11,8.16,8.06,EZPW
894,2021-11-15,8.15,8.1,8.18,8.045,EZPW
895,2021-11-16,8.11,7.8,8.185,7.8,EZPW
896,2021-11-17,7.8,7.83,7.96,7.78,EZPW
897,2021-11-18,8.1,8.68,8.8,7.95,EZPW
898,2021-11-19,8.55,8.1,8.55,8.035,EZPW
899,2021-11-22,8.18,8.11,8.225,8.06,EZPW
900,2021-11-23,8.02,8.16,8.22,8.02,EZPW
901,2021-11-24,8.12,7.92,8.13,7.91,EZPW
902,2021-11-26,7.75,7.57,7.75,7.34,EZPW
903,2021-11-29,7.62,7.42,7.64,7.36,EZPW
904,2021-11-30,7.35,7.4,7.445,7.23,EZPW
905,2021-12-01,7.58,7.16,7.58,7.15,EZPW
906,2021-12-02,7.11,7.16,7.245,6.92,EZPW
907,2021-12-03,7.13,7.12,7.2,7.03,EZPW
908,2021-12-06,7.12,7.24,7.3925,7.06,EZPW
909,2021-12-07,7.24,7.18,7.37,7.0324,EZPW
910,2021-12-08,7.22,7.21,7.225,7.15,EZPW
911,2021-12-09,7.15,7.09,7.22,7.08,EZPW
912,2021-12-10,7.1,6.96,7.18,6.95,EZPW
913,2021-12-13,6.96,6.9,6.99,6.88,EZPW
914,2021-12-14,6.89,6.9,7.095,6.88,EZPW
915,2021-12-15,6.9,7.02,7.02,6.66,EZPW
916,2021-12-16,7.1,6.82,7.12,6.8,EZPW
917,2021-12-17,6.9,7.23,7.32,6.63,EZPW
918,2021-12-20,7.19,7.05,7.195,6.925,EZPW
919,2021-12-21,7.15,7.19,7.325,7.1401,EZPW
920,2021-12-22,7.17,7.09,7.25,7.055,EZPW
921,2021-12-23,7.16,7.1,7.16,6.94,EZPW
922,2021-12-27,7.12,7.25,7.25,7.02,EZPW
923,2021-12-28,7.25,7.43,7.46,7.24,EZPW
924,2021-12-29,7.42,7.34,7.5,7.0794,EZPW
925,2021-12-30,7.33,7.31,7.43,7.25,EZPW
926,2021-12-31,7.26,7.37,7.38,7.22,EZPW
927,2022-01-03,7.37,7.26,7.63,7.24,EZPW
928,2022-01-04,7.27,7.31,7.43,7.26,EZPW
929,2022-01-05,7.36,7.23,7.46,7.14,EZPW
930,2022-01-06,7.22,7.31,7.33,7.0321,EZPW
931,2022-01-07,7.36,7.33,7.41,7.3,EZPW
932,2022-01-10,7.35,7.35,7.42,7.29,EZPW
933,2022-01-11,7.33,7.35,7.435,7.21,EZPW
934,2022-01-12,7.37,7.21,7.3911,7.21,EZPW
935,2022-01-13,7.22,6.3,7.325,5.82,EZPW
936,2022-01-14,6.31,6.19,6.4399,6.14,EZPW
937,2022-01-18,6.19,6.29,6.335,6.14,EZPW
938,2022-01-19,6.29,6.04,6.29,6.02,EZPW
939,2022-01-20,6.07,6.11,6.34,5.926,EZPW
940,2022-01-21,6.03,6.01,6.11,5.93,EZPW
941,2022-01-24,5.9,6.12,6.16,5.845,EZPW
942,2022-01-25,6.05,6.11,6.225,5.94,EZPW
943,2022-01-26,6.17,5.93,6.3,5.895,EZPW
944,2022-01-27,5.93,5.805,6.006,5.7877,EZPW
945,2022-01-28,5.78,5.94,5.95,5.775,EZPW
946,2022-01-31,5.9,5.97,5.98,5.81,EZPW
947,2022-02-01,5.99,6.27,6.29,5.89,EZPW
948,2022-02-02,6.28,6.29,6.375,6.25,EZPW
949,2022-02-03,6.53,6.7,7.0,6.43,EZPW
950,2022-02-04,6.64,6.51,6.7886,6.41,EZPW
951,2022-02-07,6.45,6.32,6.47,6.29,EZPW
952,2022-02-08,6.35,6.35,6.42,6.24,EZPW
953,2022-02-09,6.35,6.42,6.5,6.35,EZPW
954,2022-02-10,6.38,6.35,6.57,6.31,EZPW
955,2022-02-11,6.35,6.36,6.43,6.28,EZPW
956,2022-02-14,6.36,6.23,6.38,6.22,EZPW
957,2022-02-15,6.455,6.37,6.455,6.24,EZPW
958,2022-02-16,6.36,6.22,6.405,6.21,EZPW
959,2022-02-17,6.15,6.15,6.23,6.03,EZPW
960,2022-02-18,6.1,6.19,6.225,6.085,EZPW
961,2022-02-22,6.17,6.3,6.345,6.09,EZPW
962,2022-02-23,6.32,6.22,6.45,6.1,EZPW
963,2022-02-24,5.925,6.07,6.13,5.925,EZPW
964,2022-02-25,6.05,6.03,6.13,6.01,EZPW
965,2022-02-28,5.98,5.99,6.08,5.93,EZPW
966,2022-03-01,5.97,5.84,6.04,5.78,EZPW
967,2022-03-02,5.85,6.04,6.04,5.82,EZPW
968,2022-03-03,6.07,5.82,6.2889,5.785,EZPW
969,2022-03-04,5.78,5.69,5.87,5.65,EZPW
970,2022-03-07,5.64,5.56,5.68,5.55,EZPW
971,2022-03-08,5.56,5.7,5.77,5.51,EZPW
972,2022-03-09,5.79,5.86,5.91,5.79,EZPW
973,2022-03-10,5.78,5.7,5.88,5.65,EZPW
974,2022-03-11,5.73,5.6,5.76,5.59,EZPW
975,2022-03-14,5.6,5.63,5.68,5.515,EZPW
976,2022-03-15,5.66,5.69,5.875,5.66,EZPW
977,2022-03-16,5.69,5.94,5.9699,5.63,EZPW
978,2022-03-17,5.9,5.95,5.97,5.89,EZPW
979,2022-03-18,5.89,5.97,5.97,5.8786,EZPW
980,2022-03-21,5.99,6.21,6.29,5.97,EZPW
981,2022-03-22,6.24,6.13,6.31,6.09,EZPW
982,2022-03-23,6.12,6.02,6.13,6.01,EZPW
983,2022-03-24,6.05,6.09,6.14,6.03,EZPW
984,2022-03-25,6.1,6.12,6.23,6.03,EZPW
985,2022-03-28,6.07,6.06,6.11,6.01,EZPW
986,2022-03-29,6.1,6.24,6.25,6.09,EZPW
987,2022-03-30,6.24,6.11,6.29,6.08,EZPW
988,2022-03-31,6.09,6.04,6.1899,5.98,EZPW
989,2022-04-01,6.06,6.18,6.23,6.05,EZPW
990,2022-04-04,6.21,5.95,6.22,5.93,EZPW
991,2022-04-05,6.26,6.36,6.58,6.1985,EZPW
992,2022-04-06,6.37,6.72,6.735,6.36,EZPW
993,2022-04-07,6.72,6.76,6.78,6.59,EZPW
994,2022-04-08,6.78,6.87,6.91,6.735,EZPW
995,2022-04-11,6.91,6.99,7.06,6.865,EZPW
996,2022-04-12,6.99,7.08,7.1762,6.97,EZPW
997,2022-04-13,7.09,7.09,7.26,7.04,EZPW
998,2022-04-14,7.06,7.14,7.2405,7.05,EZPW
999,2022-04-18,7.11,7.13,7.2,7.005,EZPW
1000,2022-04-19,7.14,7.16,7.2699,7.08,EZPW
1001,2022-04-20,7.23,7.11,7.27,7.06,EZPW
1002,2022-04-21,7.14,7.17,7.28,7.075,EZPW
1003,2022-04-22,7.09,7.03,7.33,7.01,EZPW
1004,2022-04-25,6.96,7.06,7.095,6.87,EZPW
1005,2022-04-26,7.12,6.92,7.12,6.88,EZPW
1006,2022-04-27,6.94,6.91,6.98,6.83,EZPW
1007,2022-04-28,6.97,7.31,7.33,6.9589,EZPW
1008,2022-04-29,7.31,7.0,7.36,6.965,EZPW
1009,2022-05-02,6.9,6.86,7.0,6.7676,EZPW
1010,2022-05-03,6.82,7.02,7.045,6.7899,EZPW
1011,2022-05-04,7.03,7.18,7.23,6.99,EZPW
1012,2022-05-05,7.38,7.79,8.24,7.25,EZPW
1013,2022-05-06,7.73,7.65,7.835,7.54,EZPW
1014,2022-05-09,7.63,7.44,7.74,7.395,EZPW
1015,2022-05-10,7.43,7.07,7.5312,6.99,EZPW
1016,2022-05-11,7.07,6.93,7.105,6.8,EZPW
1017,2022-05-12,6.84,7.03,7.04,6.78,EZPW
1018,2022-05-13,7.05,7.18,7.2062,7.05,EZPW
1019,2022-05-16,7.18,7.18,7.28,7.1,EZPW
1020,2022-05-17,7.29,7.35,7.395,7.27,EZPW
1021,2022-05-18,7.31,7.27,7.48,7.235,EZPW
1022,2022-05-19,7.2,7.18,7.37,7.13,EZPW
1023,2022-05-20,7.26,7.16,7.33,7.04,EZPW
1024,2022-05-23,7.29,7.235,7.29,7.14,EZPW
1025,2022-05-24,7.23,7.24,7.27,7.055,EZPW
1026,2022-05-25,7.26,7.31,7.39,7.21,EZPW
1027,2022-05-26,7.36,7.89,7.95,7.36,EZPW
1028,2022-05-27,7.95,7.81,7.97,7.79,EZPW
1029,2022-05-31,7.66,7.58,7.82,7.57,EZPW
1030,2022-06-01,7.64,7.78,7.875,7.605,EZPW
1031,2022-06-02,7.79,8.06,8.155,7.78,EZPW
1032,2022-06-03,7.99,7.76,8.07,7.73,EZPW
1033,2022-06-06,7.85,7.87,8.05,7.77,EZPW
1034,2022-06-07,7.93,7.96,7.96,7.78,EZPW
1035,2022-06-08,7.87,7.81,7.93,7.77,EZPW
1036,2022-06-09,7.92,7.71,7.92,7.64,EZPW
1037,2022-06-10,7.64,7.67,7.745,7.54,EZPW
1038,2022-06-13,7.41,7.37,7.553,7.26,EZPW
1039,2022-06-14,7.4,7.46,7.48,7.285,EZPW
1040,2022-06-15,7.43,7.52,7.6,7.42,EZPW
1041,2022-06-16,7.42,7.15,7.46,7.055,EZPW
1042,2022-06-17,7.15,7.38,7.47,7.15,EZPW
1043,2022-06-21,7.39,7.38,7.59,7.33,EZPW
1044,2022-06-22,7.25,7.52,7.54,7.25,EZPW
1045,2022-06-23,7.54,7.72,7.73,7.44,EZPW
1046,2022-06-24,7.76,7.71,7.9038,7.64,EZPW
1047,2022-06-27,7.71,7.72,7.77,7.6,EZPW
1048,2022-06-28,7.85,7.6,7.91,7.53,EZPW
1049,2022-06-29,7.65,7.29,7.65,7.24,EZPW
1050,2022-06-30,7.22,7.51,7.535,7.2048,EZPW
1051,2022-07-01,7.48,7.64,7.68,7.34,EZPW
1052,2022-07-05,7.6,7.58,7.628,7.39,EZPW
1053,2022-07-06,7.54,7.33,7.58,7.1,EZPW
1054,2022-07-07,7.38,7.43,7.5911,7.2,EZPW
1055,2022-07-08,7.48,7.33,7.52,7.25,EZPW
1056,2022-07-11,7.09,7.17,7.37,7.09,EZPW
1057,2022-07-12,7.16,7.19,7.33,7.15,EZPW
1058,2022-07-13,7.17,7.39,7.42,7.09,EZPW
1059,2022-07-14,7.24,7.24,7.34,7.1,EZPW
1060,2022-07-15,7.42,7.34,7.53,7.245,EZPW
1061,2022-07-18,7.34,7.27,7.5,7.255,EZPW
1062,2022-07-19,7.38,7.49,7.615,7.375,EZPW
1063,2022-07-20,7.44,7.51,7.55,7.41,EZPW
1064,2022-07-21,7.41,7.46,7.46,7.23,EZPW
1065,2022-07-22,7.5,7.47,7.56,7.32,EZPW
1066,2022-07-25,7.56,7.49,7.57,7.37,EZPW
1067,2022-07-26,7.49,7.42,7.52,7.37,EZPW
1068,2022-07-27,7.5,7.59,7.6,7.37,EZPW
1069,2022-07-28,7.64,7.87,7.89,7.5,EZPW
1070,2022-07-29,7.84,8.04,8.09,7.84,EZPW
1071,2022-08-01,8.04,8.13,8.205,7.93,EZPW
1072,2022-08-02,8.18,8.32,8.42,8.041,EZPW
1073,2022-08-03,8.31,8.41,8.59,8.26,EZPW
1074,2022-08-04,9.0,8.75,9.54,8.638,EZPW
1075,2022-08-05,8.79,8.74,8.85,8.56,EZPW
1076,2022-08-08,8.83,9.13,9.17,8.7783,EZPW
1077,2022-08-09,9.17,9.24,9.26,9.05,EZPW
1078,2022-08-10,9.3,9.51,9.57,9.18,EZPW
1079,2022-08-11,9.5,9.21,9.6,9.18,EZPW
1080,2022-08-12,9.23,9.45,9.491,9.13,EZPW
1081,2022-08-15,9.43,9.51,9.57,9.25,EZPW
1082,2022-08-16,9.48,9.52,9.62,9.35,EZPW
1083,2022-08-17,9.45,9.31,9.48,9.27,EZPW
1084,2022-08-18,9.34,9.44,9.51,9.29,EZPW
1085,2022-08-19,9.33,9.27,9.385,9.16,EZPW
1086,2022-08-22,9.17,9.13,9.23,9.01,EZPW
1087,2022-08-23,9.12,9.06,9.27,9.0,EZPW
1088,2022-08-24,9.01,9.16,9.21,8.96,EZPW
1089,2022-08-25,9.16,9.41,9.47,9.13,EZPW
1090,2022-08-26,9.31,9.08,9.4344,9.07,EZPW
1091,2022-08-29,9.0,8.985,9.06,8.9,EZPW
1092,2022-08-30,9.04,8.94,9.05,8.857,EZPW
1093,2022-08-31,8.93,8.75,8.98,8.58,EZPW
1094,2022-09-01,8.7,8.52,8.7201,8.44,EZPW
1095,2022-09-02,8.53,8.35,8.55,8.3,EZPW
1096,2022-09-06,8.33,8.44,8.51,8.3,EZPW
1097,2022-09-07,8.4,8.45,8.52,8.37,EZPW
1098,2022-09-08,8.36,8.42,8.47,8.28,EZPW
1099,2022-09-09,8.45,8.55,8.605,8.41,EZPW
1100,2022-09-12,8.58,8.59,8.68,8.509,EZPW
1101,2022-09-13,8.45,8.37,8.48,8.35,EZPW
1102,2022-09-14,8.43,8.32,8.43,8.24,EZPW
1103,2022-09-15,8.25,8.26,8.375,8.18,EZPW
1104,2022-09-16,8.26,8.14,8.26,8.075,EZPW
1105,2022-09-19,8.02,8.3,8.315,7.67,EZPW
1106,2022-09-20,8.21,8.16,8.24,7.99,EZPW
1107,2022-09-21,8.25,8.12,8.39,8.1,EZPW
1108,2022-09-22,8.08,8.13,8.18,7.99,EZPW
1109,2022-09-23,8.03,8.06,8.08,7.9,EZPW
1110,2022-09-26,8.08,8.03,8.23,7.9881,EZPW
1111,2022-09-27,8.07,7.8,8.13,7.695,EZPW
1112,2022-09-28,7.83,7.97,8.08,7.82,EZPW
1113,2022-09-29,7.83,7.9,7.9,7.62,EZPW
1114,2022-09-30,7.91,7.71,8.03,7.69,EZPW
1115,2022-10-03,7.77,7.91,8.0,7.6149,EZPW
1116,2022-10-04,8.0,8.09,8.19,7.99,EZPW
1117,2022-10-05,7.94,8.0,8.03,7.86,EZPW
1118,2022-10-06,7.97,7.94,8.04,7.88,EZPW
1119,2022-10-07,7.93,7.89,7.93,7.75,EZPW
1120,2022-10-10,7.95,7.79,8.16,7.78,EZPW
1121,2022-10-11,7.82,7.9,7.9,7.76,EZPW
1122,2022-10-12,7.88,8.09,8.1497,7.788,EZPW
1123,2022-10-13,8.0,8.24,8.29,7.91,EZPW
1124,2022-10-14,8.3,8.0,8.31,7.9401,EZPW
1125,2022-10-17,8.13,8.16,8.25,8.06,EZPW
1126,2022-10-18,8.24,8.29,8.34,8.04,EZPW
1127,2022-10-19,8.28,8.25,8.31,8.125,EZPW
1128,2022-10-20,8.24,8.32,8.4,8.18,EZPW
1129,2022-10-21,8.39,8.54,8.57,8.295,EZPW
1130,2022-10-24,8.56,8.59,8.64,8.4956,EZPW
1131,2022-10-25,8.58,8.88,8.91,8.58,EZPW
1132,2022-10-26,8.93,8.71,8.93,8.71,EZPW
1133,2022-10-27,8.78,9.15,9.23,8.78,EZPW
1134,2022-10-28,9.2,9.49,9.54,9.1251,EZPW
1135,2022-10-31,9.45,9.66,9.72,9.3915,EZPW
1136,2022-11-01,9.79,9.6,9.79,9.41,EZPW
1137,2022-11-02,9.54,9.35,9.65,9.29,EZPW
1138,2022-11-03,9.2,9.09,9.2,9.05,EZPW
1139,2022-11-04,9.2,9.19,9.27,9.1,EZPW
1140,2022-11-07,9.26,9.3,9.31,8.93,EZPW
1141,2022-11-08,9.31,9.44,9.46,9.175,EZPW
1142,2022-11-09,9.38,9.24,9.54,9.205,EZPW
1143,2022-11-10,9.52,9.73,9.74,9.39,EZPW
1144,2022-11-11,9.8,9.65,9.9025,9.59,EZPW
1145,2022-11-14,9.67,9.8,9.88,9.5931,EZPW
1146,2022-11-15,9.88,9.85,10.015,9.64,EZPW
1147,2022-11-16,9.88,9.78,9.91,9.65,EZPW
1148,2022-11-17,9.17,9.41,9.9,7.05,EZPW
1149,2022-11-18,9.62,9.62,9.798,9.405,EZPW
1150,2022-11-21,9.53,9.92,10.0,9.5,EZPW
1151,2022-11-22,9.94,10.09,10.27,9.75,EZPW
1152,2022-11-23,10.19,10.03,10.1903,9.92,EZPW
1153,2022-11-25,9.98,10.09,10.12,9.91,EZPW
1154,2022-11-28,10.09,10.04,10.17,9.99,EZPW
1155,2022-11-29,10.02,10.08,10.1199,9.97,EZPW
1156,2022-11-30,10.08,10.02,10.16,9.94,EZPW
1157,2022-12-01,10.01,10.06,10.15,9.96,EZPW
1158,2022-12-02,9.94,10.17,10.18,9.91,EZPW
1159,2022-12-05,10.17,10.35,10.36,10.07,EZPW
1160,2022-12-06,10.38,10.56,10.675,10.345,EZPW
1161,2022-12-07,9.43,8.64,9.48,8.2,EZPW
1162,2022-12-08,8.86,8.26,8.86,8.17,EZPW
1163,2022-12-09,8.18,8.01,8.31,7.94,EZPW
1164,2022-12-12,8.0,8.37,8.42,7.91,EZPW
1165,2022-12-13,8.57,8.41,8.6,8.3,EZPW
1166,2022-12-14,8.4,8.42,8.479,8.27,EZPW
1167,2022-12-15,8.4,8.25,8.4,8.18,EZPW
1168,2022-12-16,8.21,8.44,8.46,8.1,EZPW
1169,2022-12-19,8.47,8.5,8.64,8.46,EZPW
1170,2022-12-20,8.51,8.18,8.67,8.14,EZPW
1171,2022-12-21,8.23,8.32,8.487,8.18,EZPW
1172,2022-12-22,8.28,8.21,8.34,8.11,EZPW
1173,2022-12-23,8.19,8.33,8.4,8.19,EZPW
1174,2022-12-27,8.35,8.48,8.53,8.24,EZPW
1175,2022-12-28,8.46,8.12,8.5,8.07,EZPW
1176,2022-12-29,8.15,8.23,8.32,8.15,EZPW
1177,2022-12-30,8.22,8.15,8.285,8.115,EZPW
1178,2023-01-03,8.26,8.33,8.49,8.21,EZPW
1179,2023-01-04,8.65,8.72,8.85,8.625,EZPW
1180,2023-01-05,8.69,8.68,8.72,8.5272,EZPW
1181,2023-01-06,8.77,8.9,8.99,8.72,EZPW
1182,2023-01-09,8.97,8.82,9.09,8.81,EZPW
1183,2023-01-10,8.89,9.09,9.165,8.88,EZPW
1184,2023-01-11,9.13,9.0,9.1657,8.955,EZPW
1185,2023-01-12,9.06,8.87,9.07,8.8,EZPW
1186,2023-01-13,8.78,8.73,8.83,8.64,EZPW
1187,2023-01-17,8.72,8.61,8.81,8.61,EZPW
1188,2023-01-18,8.65,8.5,8.68,8.4502,EZPW
1189,2023-01-19,8.44,8.51,8.55,8.36,EZPW
1190,2023-01-20,8.61,8.63,8.72,8.4848,EZPW
1191,2023-01-23,8.59,9.07,9.115,8.43,EZPW
1192,2023-01-24,9.08,9.18,9.21,8.93,EZPW
1193,2023-01-25,9.09,9.28,9.405,9.04,EZPW
1194,2023-01-26,9.3,9.07,9.325,9.03,EZPW
1195,2023-01-27,9.07,9.04,9.25,8.995,EZPW
1196,2023-01-30,9.03,8.87,9.085,8.87,EZPW
1197,2023-01-31,8.86,9.11,9.195,8.81,EZPW
1198,2023-02-01,9.02,9.03,9.18,8.88,EZPW
